date,puzzle number,word
06/19/2021, 0, CIGAR
06/20/2021, 1, REBUT
06/21/2021, 2, SISSY
06/22/2021, 3, HUMPH
06/23/2021, 4, AWAKE
06/24/2021, 5, BLUSH
06/25/2021, 6, FOCAL
06/26/2021, 7, EVADE
06/27/2021, 8, NAVAL
06/28/2021, 9, SERVE
06/29/2021, 10, HEATH
06/30/2021, 11, DWARF
07/01/2021, 12, MODEL
07/02/2021, 13, KARMA
07/03/2021, 14, STINK
07/04/2021, 15, GRADE
07/05/2021, 16, QUIET
07/06/2021, 17, BENCH
07/07/2021, 18, ABATE
07/08/2021, 19, FEIGN
07/09/2021, 20, MAJOR
07/10/2021, 21, DEATH
07/11/2021, 22, FRESH
07/12/2021, 23, CRUST
07/13/2021, 24, STOOL
07/14/2021, 25, COLON
07/15/2021, 26, ABASE
07/16/2021, 27, MARRY
07/17/2021, 28, REACT
07/18/2021, 29, BATTY
07/19/2021, 30, PRIDE
07/20/2021, 31, FLOSS
07/21/2021, 32, HELIX
07/22/2021, 33, CROAK
07/23/2021, 34, STAFF
07/24/2021, 35, PAPER
07/25/2021, 36, UNFED
07/26/2021, 37, WHELP
07/27/2021, 38, TRAWL
07/28/2021, 39, OUTDO
07/29/2021, 40, ADOBE
07/30/2021, 41, CRAZY
07/31/2021, 42, SOWER
08/01/2021, 43, REPAY
08/02/2021, 44, DIGIT
08/03/2021, 45, CRATE
08/04/2021, 46, CLUCK
08/05/2021, 47, SPIKE
08/06/2021, 48, MIMIC
08/07/2021, 49, POUND
08/08/2021, 50, MAXIM
08/09/2021, 51, LINEN
08/10/2021, 52, UNMET
08/11/2021, 53, FLESH
08/12/2021, 54, BOOBY
08/13/2021, 55, FORTH
08/14/2021, 56, FIRST
08/15/2021, 57, STAND
08/16/2021, 58, BELLY
08/17/2021, 59, IVORY
08/18/2021, 60, SEEDY
08/19/2021, 61, PRINT
08/20/2021, 62, YEARN
08/21/2021, 63, DRAIN
08/22/2021, 64, BRIBE
08/23/2021, 65, STOUT
08/24/2021, 66, PANEL
08/25/2021, 67, CRASS
08/26/2021, 68, FLUME
08/27/2021, 69, OFFAL
08/28/2021, 70, AGREE
08/29/2021, 71, ERROR
08/30/2021, 72, SWIRL
08/31/2021, 73, ARGUE
09/01/2021, 74, BLEED
09/02/2021, 75, DELTA
09/03/2021, 76, FLICK
09/04/2021, 77, TOTEM
09/05/2021, 78, WOOER
09/06/2021, 79, FRONT
09/07/2021, 80, SHRUB
09/08/2021, 81, PARRY
09/09/2021, 82, BIOME
09/10/2021, 83, LAPEL
09/11/2021, 84, START
09/12/2021, 85, GREET
09/13/2021, 86, GONER
09/14/2021, 87, GOLEM
09/15/2021, 88, LUSTY
09/16/2021, 89, LOOPY
09/17/2021, 90, ROUND
09/18/2021, 91, AUDIT
09/19/2021, 92, LYING
09/20/2021, 93, GAMMA
09/21/2021, 94, LABOR
09/22/2021, 95, ISLET
09/23/2021, 96, CIVIC
09/24/2021, 97, FORGE
09/25/2021, 98, CORNY
09/26/2021, 99, MOULT
09/27/2021, 100, BASIC
09/28/2021, 101, SALAD
09/29/2021, 102, AGATE
09/30/2021, 103, SPICY
10/01/2021, 104, SPRAY
10/02/2021, 105, ESSAY
10/03/2021, 106, FJORD
10/04/2021, 107, SPEND
10/05/2021, 108, KEBAB
10/06/2021, 109, GUILD
10/07/2021, 110, ABACK
10/08/2021, 111, MOTOR
10/09/2021, 112, ALONE
10/10/2021, 113, HATCH
10/11/2021, 114, HYPER
10/12/2021, 115, THUMB
10/13/2021, 116, DOWRY
10/14/2021, 117, OUGHT
10/15/2021, 118, BELCH
10/16/2021, 119, DUTCH
10/17/2021, 120, PILOT
10/18/2021, 121, TWEED
10/19/2021, 122, COMET
10/20/2021, 123, JAUNT
10/21/2021, 124, ENEMA
10/22/2021, 125, STEED
10/23/2021, 126, ABYSS
10/24/2021, 127, GROWL
10/25/2021, 128, FLING
10/26/2021, 129, DOZEN
10/27/2021, 130, BOOZY
10/28/2021, 131, ERODE
10/29/2021, 132, WORLD
10/30/2021, 133, GOUGE
10/31/2021, 134, CLICK
11/01/2021, 135, BRIAR
11/02/2021, 136, GREAT
11/03/2021, 137, ALTAR
11/04/2021, 138, PULPY
11/05/2021, 139, BLURT
11/06/2021, 140, COAST
11/07/2021, 141, DUCHY
11/08/2021, 142, GROIN
11/09/2021, 143, FIXER
11/10/2021, 144, GROUP
11/11/2021, 145, ROGUE
11/12/2021, 146, BADLY
11/13/2021, 147, SMART
11/14/2021, 148, PITHY
11/15/2021, 149, GAUDY
11/16/2021, 150, CHILL
11/17/2021, 151, HERON
11/18/2021, 152, VODKA
11/19/2021, 153, FINER
11/20/2021, 154, SURER
11/21/2021, 155, RADIO
11/22/2021, 156, ROUGE
11/23/2021, 157, PERCH
11/24/2021, 158, RETCH
11/25/2021, 159, WROTE
11/26/2021, 160, CLOCK
11/27/2021, 161, TILDE
11/28/2021, 162, STORE
11/29/2021, 163, PROVE
11/30/2021, 164, BRING
12/01/2021, 165, SOLVE
12/02/2021, 166, CHEAT
12/03/2021, 167, GRIME
12/04/2021, 168, EXULT
12/05/2021, 169, USHER
12/06/2021, 170, EPOCH
12/07/2021, 171, TRIAD
12/08/2021, 172, BREAK
12/09/2021, 173, RHINO
12/10/2021, 174, VIRAL
12/11/2021, 175, CONIC
12/12/2021, 176, MASSE
12/13/2021, 177, SONIC
12/14/2021, 178, VITAL
12/15/2021, 179, TRACE
12/16/2021, 180, USING
12/17/2021, 181, PEACH
12/18/2021, 182, CHAMP
12/19/2021, 183, BATON
12/20/2021, 184, BRAKE
12/21/2021, 185, PLUCK
12/22/2021, 186, CRAZE
12/23/2021, 187, GRIPE
12/24/2021, 188, WEARY
12/25/2021, 189, PICKY
12/26/2021, 190, ACUTE
12/27/2021, 191, FERRY
12/28/2021, 192, ASIDE
12/29/2021, 193, TAPIR
12/30/2021, 194, TROLL
12/31/2021, 195, UNIFY
01/01/2022, 196, REBUS
01/02/2022, 197, BOOST
01/03/2022, 198, TRUSS
01/04/2022, 199, SIEGE
01/05/2022, 200, TIGER
01/06/2022, 201, BANAL
01/07/2022, 202, SLUMP
01/08/2022, 203, CRANK
01/09/2022, 204, GORGE
01/10/2022, 205, QUERY
01/11/2022, 206, DRINK
01/12/2022, 207, FAVOR
01/13/2022, 208, ABBEY
01/14/2022, 209, TANGY
01/15/2022, 210, PANIC
01/16/2022, 211, SOLAR
01/17/2022, 212, SHIRE
01/18/2022, 213, PROXY
01/19/2022, 214, POINT
01/20/2022, 215, ROBOT
01/21/2022, 216, PRICK
01/22/2022, 217, WINCE
01/23/2022, 218, CRIMP
01/24/2022, 219, KNOLL
01/25/2022, 220, SUGAR
01/26/2022, 221, WHACK
01/27/2022, 222, MOUNT
01/28/2022, 223, PERKY
01/29/2022, 224, COULD
01/30/2022, 225, WRUNG
01/31/2022, 226, LIGHT
02/01/2022, 227, THOSE
02/02/2022, 228, MOIST
02/03/2022, 229, SHARD
02/04/2022, 230, PLEAT
02/05/2022, 231, ALOFT
02/06/2022, 232, SKILL
02/07/2022, 233, ELDER
02/08/2022, 234, FRAME
02/09/2022, 235, HUMOR
02/10/2022, 236, PAUSE
02/11/2022, 237, ULCER
02/12/2022, 238, ULTRA
02/13/2022, 239, ROBIN
02/14/2022, 240, CYNIC
02/15/2022, 241, AROMA
02/16/2022, 242, CAULK
02/17/2022, 243, SHAKE
02/18/2022, 244, DODGE
02/19/2022, 245, SWILL
02/20/2022, 246, TACIT
02/21/2022, 247, OTHER
02/22/2022, 248, THORN
02/23/2022, 249, TROVE
02/24/2022, 250, BLOKE
02/25/2022, 251, VIVID
02/26/2022, 252, SPILL
02/27/2022, 253, CHANT
02/28/2022, 254, CHOKE
03/01/2022, 255, RUPEE
03/02/2022, 256, NASTY
03/03/2022, 257, MOURN
03/04/2022, 258, AHEAD
03/05/2022, 259, BRINE
03/06/2022, 260, CLOTH
03/07/2022, 261, HOARD
03/08/2022, 262, SWEET
03/09/2022, 263, MONTH
03/10/2022, 264, LAPSE
03/11/2022, 265, WATCH
03/12/2022, 266, TODAY
03/13/2022, 267, FOCUS
03/14/2022, 268, SMELT
03/15/2022, 269, TEASE
03/16/2022, 270, CATER
03/17/2022, 271, COMIC
03/18/2022, 272, SAUTE
03/19/2022, 273, ALLOW
03/20/2022, 274, RENEW
03/21/2022, 275, THEIR
03/22/2022, 276, SLOSH
03/23/2022, 277, PURGE
03/24/2022, 278, CHEST
03/25/2022, 279, DEPOT
03/26/2022, 280, EPOXY
03/27/2022, 281, NYMPH
03/28/2022, 282, FOUND
03/29/2022, 283, SHALL
03/30/2022, 284, STOVE
03/31/2022, 285, LOWLY
04/01/2022, 286, SNOUT
04/02/2022, 287, TROPE
04/03/2022, 288, FEWER
04/04/2022, 289, SHAWL
04/05/2022, 290, NATAL
04/06/2022, 291, COMMA
04/07/2022, 292, FORAY
04/08/2022, 293, SCARE
04/09/2022, 294, STAIR
04/10/2022, 295, BLACK
04/11/2022, 296, SQUAD
04/12/2022, 297, ROYAL
04/13/2022, 298, CHUNK
04/14/2022, 299, MINCE
04/15/2022, 300, SHAME
04/16/2022, 301, CHEEK
04/17/2022, 302, AMPLE
04/18/2022, 303, FLAIR
04/19/2022, 304, FOYER
04/20/2022, 305, CARGO
04/21/2022, 306, OXIDE
04/22/2022, 307, PLANT
04/23/2022, 308, OLIVE
04/24/2022, 309, INERT
04/25/2022, 310, ASKEW
04/26/2022, 311, HEIST
04/27/2022, 312, SHOWN
04/28/2022, 313, ZESTY
04/29/2022, 314, TRASH
04/30/2022, 315, LARVA
05/01/2022, 316, FORGO
05/02/2022, 317, STORY
05/03/2022, 318, HAIRY
05/04/2022, 319, TRAIN
05/05/2022, 320, HOMER
05/06/2022, 321, BADGE
05/07/2022, 322, MIDST
05/08/2022, 323, CANNY
05/09/2022, 324, SHINE
05/10/2022, 325, GECKO
05/11/2022, 326, FARCE
05/12/2022, 327, SLUNG
05/13/2022, 328, TIPSY
05/14/2022, 329, METAL
05/15/2022, 330, YIELD
05/16/2022, 331, DELVE
05/17/2022, 332, BEING
05/18/2022, 333, SCOUT
05/19/2022, 334, GLASS
05/20/2022, 335, GAMER
05/21/2022, 336, SCRAP
05/22/2022, 336, MONEY
05/23/2022, 338, HINGE
05/24/2022, 339, ALBUM
05/25/2022, 340, VOUCH
05/26/2022, 341, ASSET
05/27/2022, 342, TIARA
05/28/2022, 343, CREPT
05/29/2022, 344, BAYOU
05/30/2022, 345, ATOLL
05/31/2022, 346, MANOR
06/01/2022, 347, CREAK
06/02/2022, 348, SHOWY
06/03/2022, 349, PHASE
06/04/2022, 350, FROTH
06/05/2022, 351, DEPTH
06/06/2022, 352, GLOOM
06/07/2022, 353, FLOOD
06/08/2022, 354, TRAIT
06/09/2022, 355, GIRTH
06/10/2022, 356, PIETY
06/11/2022, 357, GOOSE
06/12/2022, 358, FLOAT
06/13/2022, 359, DONOR
06/14/2022, 360, ATONE
06/15/2022, 361, PRIMO
06/16/2022, 362, APRON
06/17/2022, 363, BLOWN
06/18/2022, 364, CACAO
06/19/2022, 365, LOSER
06/20/2022, 366, INPUT
06/21/2022, 367, GLOAT
06/22/2022, 368, AWFUL
06/23/2022, 369, BRINK

